algorithm,seed,test1_acc,test2_acc,test3_acc,final_step
DWM (ours),1,0.78271484375,0.8015950520833334,0.571533203125,15999
DWM_WO_REWARD,2,0.9383544921875,0.5979817708333334,0.423095703125,15999
DWM (ours),3,0.57373046875,0.5528971354166666,0.5361328125,15999
DWM_WO_CAUSAL_LOSS,3,0.57373046875,0.5528971354166666,0.5361328125,15999
DWM (ours),2,0.69287109375,0.5323893229166666,0.52294921875,15999
DWM_WO_REWARD,3,0.605224609375,0.693359375,0.70849609375,15999
DWM_WO_CAUSAL_LOSS,2,0.69287109375,0.5323893229166666,0.52294921875,15999
DWM_WO_REWARD,1,0.5445556640625,0.5192057291666666,0.43798828125,15999
DWM_WO_CAUSAL_LOSS,1,0.78271484375,0.8015950520833334,0.571533203125,15999
