algorithm,test1_mean,test1_std,test2_mean,test2_std,test3_mean,test3_std
DWM (ours),-1.0331130822499592,0.016297112712708194,-1.0331130822499592,0.016297112712708194,-1.0331130822499592,0.016297112712708194
FCDL,-1.6703568299611409,0.6364751828769551,-3.3103432655334473,2.379797069599496,-3.0360233783721924,2.0952948526729918
GNN,-1.2839868466059368,0.16625905702673188,-1.7033087015151978,0.245638656504325,-3.1305626233418784,1.9279710406663002
MLP,-1.3431538740793865,0.11010449016526877,-2.041905244191488,0.3575716359168467,-3.139756917953491,1.0107960527653064
NCD,-2.3358150720596313,1.0755461514212317,-3.9541096687316895,1.5808950596804785,-9.330485026041666,5.489857773506757
