algorithm,test1_mean,test1_std,test2_mean,test2_std,test3_mean,test3_std
DWM (ours),0.7161865234375,0.12196937965897107,0.6297743055555555,0.03910192689808052,0.5184733072916666,0.08946757415059202
DWM_CAUSAL_LR_SMALL,0.7161865234375,0.12196937965897107,0.6297743055555555,0.03910192689808054,0.5184733072916666,0.08946757415059202
DWM_WO_CAUSAL_LOSS,0.6573893229166666,0.09052460908788688,0.6191948784722222,0.13077010298595168,0.5199381510416666,0.04966586843698285
DWM_WO_REWARD,0.6712239583333334,0.15847953542231255,0.5910915798611112,0.1685173545039541,0.560302734375,0.2197477203355051
FCDL,0.5455729166666666,0.10724169329654454,0.5112847222222222,0.1294100215658093,0.4891764322916667,0.10225218348204256
GNN,0.3453776041666667,0.027597701317205257,0.2584635416666667,0.03546123318556958,0.21329752604166666,0.03356940991942605
MLP,0.3248291015625,0.028939418836214037,0.3191731770833333,0.018691246380150513,0.3231608072916667,0.005809999755404139
NCD,0.4524332682291667,0.07009911831216498,0.41455078125,0.02413413741456523,0.4322916666666667,0.009007873764337046
