algorithm,test1_mean,test1_std,test2_mean,test2_std,test3_mean,test3_std
DWM (ours),0.7025960286458334,0.12435875765816637,0.6197916666666666,0.02323030796868115,0.52392578125,0.09447989842398898
FCDL,0.5455729166666666,0.10724169329654454,0.5112847222222222,0.1294100215658093,0.4891764322916667,0.10225218348204256
GNN,0.3453776041666667,0.027597701317205257,0.2584635416666667,0.03546123318556958,0.21329752604166666,0.03356940991942605
MLP,0.3248291015625,0.028939418836214037,0.3191731770833333,0.018691246380150513,0.3231608072916667,0.005809999755404139
NCD,0.4524332682291667,0.07009911831216498,0.41455078125,0.02413413741456523,0.4322916666666667,0.009007873764337046
