algorithm,test1_mean,test1_std,test2_mean,test2_std,test3_mean,test3_std
DWM (ours),-3.088933229446411,0.6703183051573299,-8.01395583152771,8.074311271824959,-4.697699864705403,1.2820197176393762
FCDL,0.5544586181640625,0.12585342552660153,0.4584147135416667,0.07083532934288353,0.4449462890625,0.04985202281612217
GNN,-1.5616681178410847,0.11783391282050523,-1.6066892544428508,0.47364115129429596,-2.273984352747599,0.5975298762836382
MLP,-30.580002824465435,50.41929988521495,-5.785474896430969,6.938922358356926,-4.217332124710083,3.7591543716032283
NCD,-7.696892102559407,8.353715729540667,-4.798852920532227,1.605433374528127,-4.452096859614055,0.7514246862744018
