algorithm,seed,test1_acc,test2_acc,test3_acc,final_step
DWM (ours),1,0.5596923828125,0.6017252604166666,0.505615234375,14499
DWM_WO_REWARD,3,0.8463134765625,0.7815755208333334,0.813232421875,14499
DWM_WO_CAUSAL_LOSS,3,0.580322265625,0.5419921875,0.55517578125,14499
DWM_WO_REWARD,2,0.6297607421875,0.46142578125,0.416259765625,14499
DWM_WO_REWARD,1,0.53759765625,0.5302734375,0.451416015625,14499
DWM_WO_CAUSAL_LOSS,2,0.634765625,0.54541015625,0.54150390625,14499
DWM_WO_CAUSAL_LOSS,1,0.757080078125,0.7701822916666666,0.463134765625,14499
DWM (ours),3,0.7862548828125,0.64599609375,0.626220703125,14499
DWM (ours),2,0.7618408203125,0.6116536458333334,0.43994140625,14499
