algorithm,test1_mean,test1_std,test2_mean,test2_std,test3_mean,test3_std
DWM (ours),0.6042022705078125,0.14492903560623216,0.51947021484375,0.10878311301412259,0.4710693359375,0.0772963032918757
FCDL,0.5666656494140625,0.09951898737333298,0.48858642578125,0.08655616873503295,0.475799560546875,0.06892805419949469
GNN,0.3453776041666667,0.027597701317205257,0.2584635416666667,0.03546123318556958,0.21329752604166666,0.03356940991942605
MLP,0.3248291015625,0.028939418836214037,0.3191731770833333,0.018691246380150513,0.3231608072916667,0.005809999755404139
NCD,0.441162109375,0.08040517552194625,0.4123128255208333,0.038982272640678176,0.437042236328125,0.026964772710850467
