algorithm,test1_mean,test1_std,test2_mean,test2_std,test3_mean,test3_std
DWM (ours),0.68310546875,0.1048338820337472,0.6289605034722222,0.14985712570313553,0.5435384114583334,0.02512435186002442
DWM_WO_CAUSAL_LOSS,0.68310546875,0.1048338820337472,0.6289605034722222,0.14985712570313553,0.5435384114583334,0.02512435186002439
DWM_WO_REWARD,0.696044921875,0.21202741834513777,0.603515625,0.08720860476876108,0.523193359375,0.16064954013610236
