algorithm,test1_mean,test1_std,test2_mean,test2_std,test3_mean,test3_std
DWM (ours),0.68310546875,0.1048338820337472,0.6289605034722222,0.14985712570313553,0.5435384114583334,0.02512435186002442
FCDL,0.5688883463541666,0.11286496813534969,0.5154622395833334,0.1370126622853985,0.4976399739583333,0.11042346693487116
GNN,0.3644612630208333,0.015538133115546762,0.2671440972222222,0.014338013370399628,0.21712239583333334,0.016732689106205702
MLP,0.3176676432291667,0.02189157856823179,0.3048502604166667,0.01827198630696422,0.313720703125,0.01512293033784041
NCD,0.3751220703125,0.015424877334428483,0.3780924479166667,0.013390939565154096,0.439697265625,0.023293369901978136
