model_name,sample_idx,norm,gt_mean,action
dwm-5,9,10.203651428222656,0.1899999976158142,3
dwm-5,5,15.604174613952637,0.1899999976158142,0
dwm-5,0,20.6695499420166,0.1899999976158142,1
