model_name,sample_idx,norm,gt_mean,action
dwm-5,10,18000030.0,0.5199999809265137,3
dwm-5,23,18000030.0,0.5199999809265137,3
dwm-5,27,18000030.0,0.5199999809265137,3
