model_name,sample_idx,norm,gt_mean,action
dwm-5,7,23.669267654418945,0.5399999618530273,2
dwm-5,6,30.46030044555664,0.550000011920929,1
dwm-5,10,30.46030044555664,0.550000011920929,1
