model_name,sample_idx,norm,gt_mean,action
dwm-1,3,4000044.0,0.5199999809265137,3
dwm-1,12,4000044.0,0.5199999809265137,3
dwm-1,23,4000044.0,0.5199999809265137,3
