model_name,sample_idx,norm,gt_mean,action
dwm-1,1,13.934616088867188,0.1899999976158142,0
dwm-1,7,13.934616088867188,0.1899999976158142,0
