model_name,sample_idx,norm,gt_mean,action
dwm-1,13,81.00001525878906,0.1899999976158142,3
dwm-1,14,81.00001525878906,0.1899999976158142,1
dwm-1,16,81.00001525878906,0.1899999976158142,3
