model_name,sample_idx,norm,gt_mean,action
dwm-4,11,11.502117156982422,0.1899999976158142,2
dwm-4,4,11.502118110656738,0.1899999976158142,1
dwm-4,8,11.502118110656738,0.1899999976158142,1
