model_name,sample_idx,norm,gt_mean,action
dwm-4,6,10000038.0,0.5199999809265137,3
dwm-4,10,10000038.0,0.5199999809265137,3
dwm-4,23,10000038.0,0.5199999809265137,3
