model_name,sample_idx,norm,gt_mean,action
dwm-4,2,20.696441650390625,0.5399999618530273,2
dwm-4,7,20.696441650390625,0.5399999618530273,2
dwm-4,9,21.067480087280273,0.5399999618530273,2
