model_name,sample_idx,norm,gt_mean,action
dwm-2,6,18.83743667602539,0.1899999976158142,0
dwm-2,7,18.95461654663086,0.1899999976158142,0
dwm-2,0,23.49489974975586,0.1899999976158142,4
