model_name,sample_idx,norm,gt_mean,action
dwm-2,4,5000043.0,0.5199999809265137,3
dwm-2,10,6000042.0,0.5199999809265137,3
dwm-2,18,10000038.0,0.5199999809265137,3
