model_name,sample_idx,norm,gt_mean,action
dwm-3,3,7000041.0,0.5199999809265137,3
dwm-3,8,7000041.0,0.5199999809265137,3
dwm-3,19,7000041.0,0.5199999809265137,3
