model_name,sample_idx,norm,gt_mean,action
dwm-3,2,20.335739135742188,0.1899999976158142,3
