model_name,sample_idx,norm,gt_mean,action
dwm-3,8,10.963088035583496,0.5199999809265137,3
dwm-3,11,10.963088035583496,0.5199999809265137,3
dwm-3,5,21.134138107299805,0.5399999618530273,2
