model_name,sample_idx,norm,gt_mean,action
dwm-7,1,21.88983154296875,0.1899999976158142,1
