model_name,sample_idx,norm,gt_mean,action
dwm-7,0,8000040.0,0.5199999809265137,3
dwm-7,7,8000040.0,0.5199999809265137,3
dwm-7,14,8000040.0,0.5199999809265137,3
