model_name,sample_idx,norm,gt_mean,action
dwm-7,0,19.028255462646484,0.5399999618530273,2
dwm-7,5,19.028255462646484,0.5399999618530273,2
dwm-7,6,19.028255462646484,0.5399999618530273,2
