model_name,sample_idx,norm,gt_mean,action
dwm-6,4,8.118597030639648,0.4899999797344208,4
