model_name,sample_idx,norm,gt_mean,action
dwm-6,15,3000045.0,0.5199999809265137,3
dwm-6,23,3000045.0,0.5199999809265137,3
dwm-6,24,3000045.0,0.5199999809265137,3
