model_name,sample_idx,norm,gt_mean,action
dwm-6,10,10.079085350036621,0.5199999809265137,3
dwm-6,0,20.42902946472168,0.5399999618530273,2
dwm-6,6,20.42902946472168,0.5399999618530273,2
