model_name,sample_idx,norm,gt_mean,action
dwm-8,0,11.379220962524414,0.1899999976158142,3
