model_name,sample_idx,norm,gt_mean,action
dwm-8,10,7000041.0,0.5199999809265137,3
dwm-8,16,7000041.0,0.5199999809265137,3
dwm-8,20,7000041.0,0.5199999809265137,3
