model_name,sample_idx,norm,gt_mean,action
dwm-8,9,13.639747619628906,0.5199999809265137,3
dwm-8,3,24.27400016784668,0.550000011920929,0
dwm-8,4,24.27400016784668,0.550000011920929,0
